ID	Description	GeneRatio	BgRatio	pvalue	p.adjust	qvalue	geneID	Count
M00026	Histidine biosynthesis, PRPP => histidine	1/3	11/317	0.100837987233387	0.100837987233387	0.100837987233387	Clo1313_0423	1
M00048	Inosine monophosphate biosynthesis, PRPP + glutamine => IMP	1/3	11/317	0.100837987233387	0.100837987233387	0.100837987233387	Clo1313_1011	1
