ID	Description	GeneRatio	BgRatio	pvalue	p.adjust	qvalue	geneID	Count
M00009	Citrate cycle (TCA cycle, Krebs cycle)	3/36	10/317	0.0922807974960859	0.468309125737373	0.468309125737373	Clo1313_1944/Clo1313_1355/Clo1313_1356	3
M00026	Histidine biosynthesis, PRPP => histidine	3/36	11/317	0.117146017240423	0.468309125737373	0.468309125737373	Clo1313_0429/Clo1313_0422/Clo1313_0427	3
M00173	Reductive citrate cycle (Arnon-Buchanan cycle)	4/36	19/317	0.156103041912458	0.468309125737373	0.468309125737373	Clo1313_1005/Clo1313_1944/Clo1313_1355/Clo1313_1356	4
M00022	Shikimate pathway, phosphoenolpyruvate + erythrose-4P => chorismate	2/36	10/317	0.3167991051876	0.626215299737771	0.626215299737771	Clo1313_2468/Clo1313_0636	2
M00048	Inosine monophosphate biosynthesis, PRPP + glutamine => IMP	2/36	11/317	0.361166458064751	0.626215299737771	0.626215299737771	Clo1313_1010/Clo1313_1008	2
M00001	Glycolysis (Embden-Meyerhof pathway), glucose => pyruvate	2/36	14/317	0.487056344240488	0.626215299737771	0.626215299737771	Clo1313_2093/Clo1313_0997	2
M00620	Incomplete reductive citrate cycle, acetyl-CoA => oxoglutarate	2/36	14/317	0.487056344240488	0.626215299737771	0.626215299737771	Clo1313_1355/Clo1313_1356	2
M00003	Gluconeogenesis, oxaloacetate => fructose-6P	1/36	10/317	0.705964171852891	0.740443943231705	0.740443943231705	Clo1313_2093	1
M00374	Dicarboxylate-hydroxybutyrate cycle	1/36	11/317	0.740443943231705	0.740443943231705	0.740443943231705	Clo1313_1005	1
