ID	Description	GeneRatio	BgRatio	pvalue	p.adjust	qvalue	geneID	Count
M00003	Gluconeogenesis, oxaloacetate => fructose-6P	1/12	10/317	0.324026609413514	0.490628630904825	0.490628630904825	Clo1313_0415	1
M00009	Citrate cycle (TCA cycle, Krebs cycle)	1/12	10/317	0.324026609413514	0.490628630904825	0.490628630904825	Clo1313_0640	1
M00026	Histidine biosynthesis, PRPP => histidine	1/12	11/317	0.350449022074875	0.490628630904825	0.490628630904825	Clo1313_0424	1
M00048	Inosine monophosphate biosynthesis, PRPP + glutamine => IMP	1/12	11/317	0.350449022074875	0.490628630904825	0.490628630904825	Clo1313_1481	1
M00374	Dicarboxylate-hydroxybutyrate cycle	1/12	11/317	0.350449022074875	0.490628630904825	0.490628630904825	Clo1313_0640	1
M00620	Incomplete reductive citrate cycle, acetyl-CoA => oxoglutarate	1/12	14/317	0.424140953598281	0.494831112531328	0.494831112531328	Clo1313_0640	1
M00173	Reductive citrate cycle (Arnon-Buchanan cycle)	1/12	19/317	0.530137378112698	0.530137378112698	0.530137378112698	Clo1313_0640	1
