ID	Description	GeneRatio	BgRatio	pvalue	p.adjust	qvalue	geneID	Count
M00003	Gluconeogenesis, oxaloacetate => fructose-6P	1/7	10/317	0.202733667726901	0.273333137040098	0.273333137040098	Clo1313_2745	1
M00001	Glycolysis (Embden-Meyerhof pathway), glucose => pyruvate	1/7	14/317	0.273333137040098	0.273333137040098	0.273333137040098	Clo1313_2745	1
