ID	Description	GeneRatio	BgRatio	pvalue	p.adjust	qvalue	geneID	Count
M00009	Citrate cycle (TCA cycle, Krebs cycle)	1/5	10/317	0.148969805360462	0.267339316807723	0.267339316807723	Clo1313_0709	1
M00001	Glycolysis (Embden-Meyerhof pathway), glucose => pyruvate	1/5	14/317	0.203331536317027	0.267339316807723	0.267339316807723	Clo1313_1876	1
M00173	Reductive citrate cycle (Arnon-Buchanan cycle)	1/5	19/317	0.267339316807723	0.267339316807723	0.267339316807723	Clo1313_0709	1
