ID	Description	GeneRatio	BgRatio	pvalue	p.adjust	qvalue	geneID	Count
M00009	Citrate cycle (TCA cycle, Krebs cycle)	2/12	10/317	0.0499833429595339	0.209308689799666	0.188849945683909	Clo1313_0641/Clo1313_1944	2
M00048	Inosine monophosphate biosynthesis, PRPP + glutamine => IMP	2/12	11/317	0.0598024827999045	0.209308689799666	0.188849945683909	Clo1313_1013/Clo1313_1010	2
M00173	Reductive citrate cycle (Arnon-Buchanan cycle)	2/12	19/317	0.156866723791078	0.366022355512516	0.330245734297007	Clo1313_0641/Clo1313_1944	2
M00026	Histidine biosynthesis, PRPP => histidine	1/12	11/317	0.350449022074875	0.424140953598281	0.382683567156344	Clo1313_0430	1
M00374	Dicarboxylate-hydroxybutyrate cycle	1/12	11/317	0.350449022074875	0.424140953598281	0.382683567156344	Clo1313_0641	1
M00001	Glycolysis (Embden-Meyerhof pathway), glucose => pyruvate	1/12	14/317	0.424140953598281	0.424140953598281	0.382683567156344	Clo1313_0489	1
M00620	Incomplete reductive citrate cycle, acetyl-CoA => oxoglutarate	1/12	14/317	0.424140953598281	0.424140953598281	0.382683567156344	Clo1313_0641	1
