ID	Description	GeneRatio	BgRatio	pvalue	p.adjust	qvalue	geneID	Count
M00026	Histidine biosynthesis, PRPP => histidine	2/5	11/317	0.010365539132524	0.0310966173975719	0.0218221876474189	Clo1313_0422/Clo1313_0421	2
M00003	Gluconeogenesis, oxaloacetate => fructose-6P	1/5	10/317	0.148969805360462	0.203331536317027	0.142688797415457	Clo1313_2093	1
M00001	Glycolysis (Embden-Meyerhof pathway), glucose => pyruvate	1/5	14/317	0.203331536317027	0.203331536317027	0.142688797415457	Clo1313_2093	1
