ID	Description	GeneRatio	BgRatio	pvalue	p.adjust	qvalue	geneID	Count
M00022	Shikimate pathway, phosphoenolpyruvate + erythrose-4P => chorismate	4/16	10/317	0.000767488667188827	0.00153497733437765	0.000807882807567186	Clo1313_2470/Clo1313_2468/Clo1313_1340/Clo1313_0636	4
M00048	Inosine monophosphate biosynthesis, PRPP + glutamine => IMP	1/16	11/317	0.439622050511579	0.439622050511579	0.231380026585042	Clo1313_1011	1
