ID	Description	GeneRatio	BgRatio	pvalue	p.adjust	qvalue	geneID	Count
M00003	Gluconeogenesis, oxaloacetate => fructose-6P	3/94	10/317	0.610805415032941	0.980632944833728	0.980632944833728	Clo1313_0415/Clo1313_2095/Clo1313_2092	3
M00009	Citrate cycle (TCA cycle, Krebs cycle)	3/94	10/317	0.610805415032941	0.980632944833728	0.980632944833728	Clo1313_0709/Clo1313_0708/Clo1313_1355	3
M00022	Shikimate pathway, phosphoenolpyruvate + erythrose-4P => chorismate	3/94	10/317	0.610805415032941	0.980632944833728	0.980632944833728	Clo1313_2468/Clo1313_1491/Clo1313_1435	3
M00001	Glycolysis (Embden-Meyerhof pathway), glucose => pyruvate	4/94	14/317	0.638449450759018	0.980632944833728	0.980632944833728	Clo1313_2095/Clo1313_2092/Clo1313_0997/Clo1313_1831	4
M00026	Histidine biosynthesis, PRPP => histidine	3/94	11/317	0.682327949584126	0.980632944833728	0.980632944833728	Clo1313_0421/Clo1313_0423/Clo1313_1499	3
M00048	Inosine monophosphate biosynthesis, PRPP + glutamine => IMP	2/94	11/317	0.886616348392764	0.980632944833728	0.980632944833728	Clo1313_1009/Clo1313_1683	2
M00620	Incomplete reductive citrate cycle, acetyl-CoA => oxoglutarate	2/94	14/317	0.953404756028035	0.980632944833728	0.980632944833728	Clo1313_0020/Clo1313_1355	2
M00173	Reductive citrate cycle (Arnon-Buchanan cycle)	3/94	19/317	0.955508282513157	0.980632944833728	0.980632944833728	Clo1313_0709/Clo1313_0020/Clo1313_1355	3
M00374	Dicarboxylate-hydroxybutyrate cycle	1/94	11/317	0.980632944833728	0.980632944833728	0.980632944833728	Clo1313_0020	1
