ID	Description	GeneRatio	BgRatio	pvalue	p.adjust	qvalue	geneID	Count
M00048	Inosine monophosphate biosynthesis, PRPP + glutamine => IMP	1/10	11/283	0.331707667569986	0.38003084604638	0.38003084604638	Clo1313_1010	1
M00001	Glycolysis (Embden-Meyerhof pathway), glucose => pyruvate	1/10	13/283	0.38003084604638	0.38003084604638	0.38003084604638	Clo1313_2095	1
