ID	Description	GeneRatio	BgRatio	pvalue	p.adjust	qvalue	geneID	Count
M00001	Glycolysis (Embden-Meyerhof pathway), glucose => pyruvate	3/16	14/317	0.0273819319128065	0.136909659564033	0.115292344896028	Clo1313_1875/Clo1313_2093/Clo1313_0997	3
M00003	Gluconeogenesis, oxaloacetate => fructose-6P	2/16	10/317	0.0848716543942563	0.212179135985641	0.178677167145803	Clo1313_1875/Clo1313_2093	2
M00009	Citrate cycle (TCA cycle, Krebs cycle)	1/16	10/317	0.408810891776821	0.439622050511579	0.370208042536066	Clo1313_0708	1
M00026	Histidine biosynthesis, PRPP => histidine	1/16	11/317	0.439622050511579	0.439622050511579	0.370208042536066	Clo1313_0428	1
M00048	Inosine monophosphate biosynthesis, PRPP + glutamine => IMP	1/16	11/317	0.439622050511579	0.439622050511579	0.370208042536066	Clo1313_0426	1
