ID	Description	GeneRatio	BgRatio	pvalue	p.adjust	qvalue	geneID	Count
M00022	Shikimate pathway, phosphoenolpyruvate + erythrose-4P => chorismate	2/34	10/283	0.342819493695675	0.648979031540858	0.648979031540858	Clo1313_1435/Clo1313_0068	2
M00026	Histidine biosynthesis, PRPP => histidine	2/34	11/283	0.389387418924515	0.648979031540858	0.648979031540858	Clo1313_1499/Clo1313_0421	2
M00048	Inosine monophosphate biosynthesis, PRPP + glutamine => IMP	2/34	11/283	0.389387418924515	0.648979031540858	0.648979031540858	Clo1313_1009/Clo1313_1481	2
M00009	Citrate cycle (TCA cycle, Krebs cycle)	1/34	10/283	0.728063238770624	0.894006355078523	0.894006355078523	Clo1313_0709	1
M00173	Reductive citrate cycle (Arnon-Buchanan cycle)	1/34	17/283	0.894006355078523	0.894006355078523	0.894006355078523	Clo1313_0709	1
