ID	Description	GeneRatio	BgRatio	pvalue	p.adjust	qvalue	geneID	Count
M00173	Reductive citrate cycle (Arnon-Buchanan cycle)	6/26	17/283	0.00207329690575991	0.00829318762303965	0.0043648355910735	Clo1313_0020/Clo1313_0641/Clo1313_0673/Clo1313_1005/Clo1313_0021/Clo1313_1356	6
M00620	Incomplete reductive citrate cycle, acetyl-CoA => oxoglutarate	4/26	12/283	0.0167944464895909	0.0335888929791818	0.0176783647258852	Clo1313_0020/Clo1313_0641/Clo1313_0021/Clo1313_1356	4
M00009	Citrate cycle (TCA cycle, Krebs cycle)	3/26	10/283	0.0536178872530557	0.0714905163374076	0.037626587546004	Clo1313_0641/Clo1313_0578/Clo1313_1356	3
M00001	Glycolysis (Embden-Meyerhof pathway), glucose => pyruvate	2/26	13/283	0.339441056708832	0.339441056708832	0.178653187741491	Clo1313_2015/Clo1313_2092	2
