ID	Description	GeneRatio	BgRatio	pvalue	p.adjust	qvalue	geneID	Count
M00009	Citrate cycle (TCA cycle, Krebs cycle)	4/26	10/283	0.00811629320489189	0.0486977592293513	0.0427173326573257	Clo1313_0640/Clo1313_1944/Clo1313_1353/Clo1313_1354	4
M00173	Reductive citrate cycle (Arnon-Buchanan cycle)	4/26	17/283	0.0583339506022983	0.17345286143282	0.152151632835807	Clo1313_0640/Clo1313_1944/Clo1313_1353/Clo1313_1354	4
M00620	Incomplete reductive citrate cycle, acetyl-CoA => oxoglutarate	3/26	12/283	0.0867264307164102	0.17345286143282	0.152151632835807	Clo1313_0640/Clo1313_1353/Clo1313_1354	3
M00022	Shikimate pathway, phosphoenolpyruvate + erythrose-4P => chorismate	2/26	10/283	0.231358489003695	0.347037733505543	0.304419064478547	Clo1313_1371/Clo1313_0636	2
M00001	Glycolysis (Embden-Meyerhof pathway), glucose => pyruvate	2/26	13/283	0.339441056708832	0.407329268050598	0.357306375482981	Clo1313_2745/Clo1313_2094	2
M00026	Histidine biosynthesis, PRPP => histidine	1/26	11/283	0.660495050636053	0.660495050636053	0.579381623364959	Clo1313_0429	1
