ID	Description	GeneRatio	BgRatio	pvalue	p.adjust	qvalue	geneID	Count
M00173	Reductive citrate cycle (Arnon-Buchanan cycle)	6/26	19/317	0.00220893608143474	0.0132536164886084	0.00465039175038892	Clo1313_0020/Clo1313_0641/Clo1313_0673/Clo1313_1005/Clo1313_0021/Clo1313_1356	6
M00374	Dicarboxylate-hydroxybutyrate cycle	4/26	11/317	0.00796912245312973	0.0239073673593892	0.00838854995066287	Clo1313_0020/Clo1313_0641/Clo1313_1005/Clo1313_0021	4
M00620	Incomplete reductive citrate cycle, acetyl-CoA => oxoglutarate	4/26	14/317	0.0203215768302843	0.0406431536605687	0.014260755670375	Clo1313_0020/Clo1313_0641/Clo1313_0021/Clo1313_1356	4
M00009	Citrate cycle (TCA cycle, Krebs cycle)	3/26	10/317	0.0400202386901027	0.060030358035154	0.0210632835211067	Clo1313_0641/Clo1313_0578/Clo1313_1356	3
M00001	Glycolysis (Embden-Meyerhof pathway), glucose => pyruvate	2/26	14/317	0.32129415117768	0.385552981413216	0.135281747864286	Clo1313_2015/Clo1313_2092	2
M00003	Gluconeogenesis, oxaloacetate => fructose-6P	1/26	10/317	0.580520024359394	0.580520024359394	0.203691236617331	Clo1313_2092	1
