ID	Description	GeneRatio	BgRatio	pvalue	p.adjust	qvalue	geneID	Count
M00001	Glycolysis (Embden-Meyerhof pathway), glucose => pyruvate	3/16	13/283	0.0300477208927748	0.120190883571099	0.0948875396613941	Clo1313_1875/Clo1313_2093/Clo1313_0997	3
M00009	Citrate cycle (TCA cycle, Krebs cycle)	1/16	10/283	0.446634522070201	0.479066198432387	0.378210156657147	Clo1313_0708	1
M00026	Histidine biosynthesis, PRPP => histidine	1/16	11/283	0.479066198432387	0.479066198432387	0.378210156657147	Clo1313_0428	1
M00048	Inosine monophosphate biosynthesis, PRPP + glutamine => IMP	1/16	11/283	0.479066198432387	0.479066198432387	0.378210156657147	Clo1313_0426	1
