ID	Description	GeneRatio	BgRatio	pvalue	p.adjust	qvalue	geneID	Count
M00026	Histidine biosynthesis, PRPP => histidine	2/20	11/283	0.177729248520793	0.340741019189081	0.340741019189081	Clo1313_0430/Clo1313_0423	2
M00048	Inosine monophosphate biosynthesis, PRPP + glutamine => IMP	2/20	11/283	0.177729248520793	0.340741019189081	0.340741019189081	Clo1313_1011/Clo1313_1008	2
M00620	Incomplete reductive citrate cycle, acetyl-CoA => oxoglutarate	2/20	12/283	0.204444611513448	0.340741019189081	0.340741019189081	Clo1313_0023/Clo1313_0022	2
M00173	Reductive citrate cycle (Arnon-Buchanan cycle)	2/20	17/283	0.341922066227582	0.427402582784477	0.427402582784477	Clo1313_0023/Clo1313_0022	2
M00001	Glycolysis (Embden-Meyerhof pathway), glucose => pyruvate	1/20	13/283	0.622592705182917	0.622592705182917	0.622592705182917	Clo1313_0966	1
