ID	Description	GeneRatio	BgRatio	pvalue	p.adjust	qvalue	geneID	Count
M00022	Shikimate pathway, phosphoenolpyruvate + erythrose-4P => chorismate	3/16	10/283	0.0140253130214935	0.0280506260429871	0.0147634873910458	Clo1313_1366/Clo1313_1491/Clo1313_1340	3
M00173	Reductive citrate cycle (Arnon-Buchanan cycle)	1/16	17/283	0.639179761257876	0.639179761257876	0.33641040066204	Clo1313_0949	1
