ID	Description	GeneRatio	BgRatio	pvalue	p.adjust	qvalue	geneID	Count
M00001	Glycolysis (Embden-Meyerhof pathway), glucose => pyruvate	5/93	14/317	0.393164067591763	0.979632768275845	0.979632768275845	Clo1313_2092/Clo1313_1875/Clo1313_0997/Clo1313_0966/Clo1313_1831	5
M00003	Gluconeogenesis, oxaloacetate => fructose-6P	3/93	10/317	0.60215395005768	0.979632768275845	0.979632768275845	Clo1313_2092/Clo1313_1875/Clo1313_0966	3
M00009	Citrate cycle (TCA cycle, Krebs cycle)	3/93	10/317	0.60215395005768	0.979632768275845	0.979632768275845	Clo1313_0578/Clo1313_0708/Clo1313_1354	3
M00022	Shikimate pathway, phosphoenolpyruvate + erythrose-4P => chorismate	3/93	10/317	0.60215395005768	0.979632768275845	0.979632768275845	Clo1313_1491/Clo1313_1435/Clo1313_1371	3
M00173	Reductive citrate cycle (Arnon-Buchanan cycle)	4/93	19/317	0.861031871065616	0.979632768275845	0.979632768275845	Clo1313_0673/Clo1313_0022/Clo1313_1354/Clo1313_1005	4
M00048	Inosine monophosphate biosynthesis, PRPP + glutamine => IMP	2/93	11/317	0.882269786715984	0.979632768275845	0.979632768275845	Clo1313_1013/Clo1313_1683	2
M00374	Dicarboxylate-hydroxybutyrate cycle	2/93	11/317	0.882269786715984	0.979632768275845	0.979632768275845	Clo1313_0022/Clo1313_1005	2
M00620	Incomplete reductive citrate cycle, acetyl-CoA => oxoglutarate	2/93	14/317	0.950955360403786	0.979632768275845	0.979632768275845	Clo1313_0022/Clo1313_1354	2
M00026	Histidine biosynthesis, PRPP => histidine	1/93	11/317	0.979632768275845	0.979632768275845	0.979632768275845	Clo1313_0424	1
