ID	Description	GeneRatio	BgRatio	pvalue	p.adjust	qvalue	geneID	Count
M00026	Histidine biosynthesis, PRPP => histidine	1/7	11/283	0.244641244175704	0.244641244175704	0.244641244175704	Clo1313_1619	1
M00048	Inosine monophosphate biosynthesis, PRPP + glutamine => IMP	1/7	11/283	0.244641244175704	0.244641244175704	0.244641244175704	Clo1313_1683	1
