ID	Description	GeneRatio	BgRatio	pvalue	p.adjust	qvalue	geneID	Count
ctx03070	Bacterial secretion system	2/6	10/734	0.00243684781425997	0.0218522220289603	0.0178907080938856	Clo1313_0465/Clo1313_1315	2
ctx03060	Protein export	2/6	14/734	0.00485604933976895	0.0218522220289603	0.0178907080938856	Clo1313_0465/Clo1313_1315	2
ctx00790	Folate biosynthesis	1/6	10/734	0.0792709802034056	0.237812940610217	0.194700653131172	Clo1313_0864	1
ctx02024	Quorum sensing	1/6	28/734	0.208778552140654	0.387905064726947	0.317583093928495	Clo1313_0465	1
ctx00970	Aminoacyl-tRNA biosynthesis	1/6	29/734	0.215502813737193	0.387905064726947	0.317583093928495	Clo1313_0944	1
ctx02030	Bacterial chemotaxis	1/6	45/734	0.316786710999183	0.475180066498775	0.389036311753383	Clo1313_2151	1
ctx02020	Two-component system	1/6	88/734	0.536549612635388	0.689849501959784	0.564789065931987	Clo1313_2151	1
ctx01110	Biosynthesis of secondary metabolites	1/6	194/734	0.842609405039485	0.947935580669421	0.776087609904789	Clo1313_1216	1
ctx01100	Metabolic pathways	2/6	429/734	0.952093176806318	0.952093176806318	0.77949148978295	Clo1313_0864/Clo1313_1216	2
