ID	Description	GeneRatio	BgRatio	pvalue	p.adjust	qvalue	geneID	Count
M00048	Inosine monophosphate biosynthesis, PRPP + glutamine => IMP	2/14	11/283	0.0968350596725053	0.484175298362527	0.484175298362527	Clo1313_1481/Clo1313_0426	2
M00009	Citrate cycle (TCA cycle, Krebs cycle)	1/14	10/283	0.402992666563181	0.578451168341362	0.578451168341362	Clo1313_0640	1
M00026	Histidine biosynthesis, PRPP => histidine	1/14	11/283	0.433608427252249	0.578451168341362	0.578451168341362	Clo1313_1499	1
M00620	Incomplete reductive citrate cycle, acetyl-CoA => oxoglutarate	1/14	12/283	0.462760934673089	0.578451168341362	0.578451168341362	Clo1313_0640	1
M00173	Reductive citrate cycle (Arnon-Buchanan cycle)	1/14	17/283	0.588752092401866	0.588752092401866	0.588752092401866	Clo1313_0640	1
