ID	Description	GeneRatio	BgRatio	pvalue	p.adjust	qvalue	geneID	Count
M00003	Gluconeogenesis, oxaloacetate => fructose-6P	1/13	10/317	0.346189671399957	0.450573827859344	0.450573827859344	Clo1313_1875	1
M00001	Glycolysis (Embden-Meyerhof pathway), glucose => pyruvate	1/13	14/317	0.450573827859344	0.450573827859344	0.450573827859344	Clo1313_1875	1
