ID	Description	GeneRatio	BgRatio	pvalue	p.adjust	qvalue	geneID	Count
M00026	Histidine biosynthesis, PRPP => histidine	1/7	11/317	0.220912378886223	0.220912378886223	0.220912378886223	Clo1313_1619	1
M00048	Inosine monophosphate biosynthesis, PRPP + glutamine => IMP	1/7	11/317	0.220912378886223	0.220912378886223	0.220912378886223	Clo1313_1683	1
