ID	Description	GeneRatio	BgRatio	pvalue	p.adjust	qvalue	geneID	Count
M00009	Citrate cycle (TCA cycle, Krebs cycle)	1/3	10/317	0.0919646778968745	0.169752596961797	0.169752596961797	Clo1313_1353	1
M00620	Incomplete reductive citrate cycle, acetyl-CoA => oxoglutarate	1/3	14/317	0.127110702924304	0.169752596961797	0.169752596961797	Clo1313_1353	1
M00173	Reductive citrate cycle (Arnon-Buchanan cycle)	1/3	19/317	0.169752596961797	0.169752596961797	0.169752596961797	Clo1313_1353	1
