ID	Description	GeneRatio	BgRatio	pvalue	p.adjust	qvalue	geneID	Count
M00026	Histidine biosynthesis, PRPP => histidine	2/5	11/283	0.0129192940123843	0.0258385880247686	0.0135992568551414	Clo1313_0422/Clo1313_0421	2
M00001	Glycolysis (Embden-Meyerhof pathway), glucose => pyruvate	1/5	13/283	0.210886201011969	0.210886201011969	0.110992737374721	Clo1313_2093	1
