ID	Description	GeneRatio	BgRatio	pvalue	p.adjust	qvalue	geneID	Count
M00022	Shikimate pathway, phosphoenolpyruvate + erythrose-4P => chorismate	1/6	10/317	0.176246414163011	0.192345832778717	0.192345832778717	Clo1313_1491	1
M00026	Histidine biosynthesis, PRPP => histidine	1/6	11/317	0.192345832778717	0.192345832778717	0.192345832778717	Clo1313_0429	1
