ID	Description	GeneRatio	BgRatio	pvalue	p.adjust	qvalue	geneID	Count
M00009	Citrate cycle (TCA cycle, Krebs cycle)	1/4	10/283	0.134703970295226	0.172320489031351	0.172320489031351	Clo1313_0708	1
M00001	Glycolysis (Embden-Meyerhof pathway), glucose => pyruvate	1/4	13/283	0.172320489031351	0.172320489031351	0.172320489031351	Clo1313_2094	1
