ID	Description	GeneRatio	BgRatio	pvalue	p.adjust	qvalue	geneID	Count
M00026	Histidine biosynthesis, PRPP => histidine	2/30	11/317	0.279401120050291	0.671159983943872	0.671159983943872	Clo1313_0423/Clo1313_0427	2
M00001	Glycolysis (Embden-Meyerhof pathway), glucose => pyruvate	2/30	14/317	0.389492423962859	0.671159983943872	0.671159983943872	Clo1313_0997/Clo1313_1876	2
M00173	Reductive citrate cycle (Arnon-Buchanan cycle)	2/30	19/317	0.555266128781296	0.671159983943872	0.671159983943872	Clo1313_1005/Clo1313_0949	2
M00374	Dicarboxylate-hydroxybutyrate cycle	1/30	11/317	0.671159983943872	0.671159983943872	0.671159983943872	Clo1313_1005	1
