ID	Description	GeneRatio	BgRatio	pvalue	p.adjust	qvalue	geneID	Count
M00022	Shikimate pathway, phosphoenolpyruvate + erythrose-4P => chorismate	1/5	10/283	0.1657181649083	0.180998051997892	0.180998051997892	Clo1313_1491	1
M00026	Histidine biosynthesis, PRPP => histidine	1/5	11/283	0.180998051997892	0.180998051997892	0.180998051997892	Clo1313_0429	1
