ID	Description	GeneRatio	BgRatio	pvalue	p.adjust	qvalue	geneID	Count
M00022	Shikimate pathway, phosphoenolpyruvate + erythrose-4P => chorismate	4/16	10/283	0.00118310302263922	0.00236620604527844	0.00124537160277812	Clo1313_2470/Clo1313_2468/Clo1313_1340/Clo1313_0636	4
M00048	Inosine monophosphate biosynthesis, PRPP + glutamine => IMP	1/16	11/283	0.479066198432387	0.479066198432387	0.252140104438098	Clo1313_1011	1
