ID	Description	GeneRatio	BgRatio	pvalue	p.adjust	qvalue	geneID	Count
M00048	Inosine monophosphate biosynthesis, PRPP + glutamine => IMP	2/14	11/317	0.0793497582294649	0.476098549376789	0.476098549376789	Clo1313_1481/Clo1313_0426	2
M00009	Citrate cycle (TCA cycle, Krebs cycle)	1/14	10/317	0.367696590103906	0.571051618733722	0.571051618733722	Clo1313_0640	1
M00026	Histidine biosynthesis, PRPP => histidine	1/14	11/317	0.39653127329135	0.571051618733722	0.571051618733722	Clo1313_1499	1
M00374	Dicarboxylate-hydroxybutyrate cycle	1/14	11/317	0.39653127329135	0.571051618733722	0.571051618733722	Clo1313_0640	1
M00620	Incomplete reductive citrate cycle, acetyl-CoA => oxoglutarate	1/14	14/317	0.475876348944768	0.571051618733722	0.571051618733722	Clo1313_0640	1
M00173	Reductive citrate cycle (Arnon-Buchanan cycle)	1/14	19/317	0.586944539365466	0.586944539365466	0.586944539365466	Clo1313_0640	1
