ID	Description	GeneRatio	BgRatio	pvalue	p.adjust	qvalue	geneID	Count
M00026	Histidine biosynthesis, PRPP => histidine	2/30	11/283	0.328656537776776	0.557986807957947	0.557986807957947	Clo1313_0423/Clo1313_0427	2
M00001	Glycolysis (Embden-Meyerhof pathway), glucose => pyruvate	2/30	13/283	0.410202474804924	0.557986807957947	0.557986807957947	Clo1313_0997/Clo1313_1876	2
M00173	Reductive citrate cycle (Arnon-Buchanan cycle)	2/30	17/283	0.557986807957947	0.557986807957947	0.557986807957947	Clo1313_1005/Clo1313_0949	2
