ID	Description	GeneRatio	BgRatio	pvalue	p.adjust	qvalue	geneID	Count
M00009	Citrate cycle (TCA cycle, Krebs cycle)	1/3	10/283	0.102655969195049	0.170169154862463	0.170169154862463	Clo1313_1353	1
M00620	Incomplete reductive citrate cycle, acetyl-CoA => oxoglutarate	1/3	12/283	0.122305309236108	0.170169154862463	0.170169154862463	Clo1313_1353	1
M00173	Reductive citrate cycle (Arnon-Buchanan cycle)	1/3	17/283	0.170169154862463	0.170169154862463	0.170169154862463	Clo1313_1353	1
