ID	Description	GeneRatio	BgRatio	pvalue	p.adjust	qvalue	geneID	Count
M00009	Citrate cycle (TCA cycle, Krebs cycle)	2/12	10/283	0.0614423860725546	0.219966535997545	0.219966535997545	Clo1313_0641/Clo1313_1944	2
M00048	Inosine monophosphate biosynthesis, PRPP + glutamine => IMP	2/12	11/283	0.0733221786658484	0.219966535997545	0.219966535997545	Clo1313_1013/Clo1313_1010	2
M00173	Reductive citrate cycle (Arnon-Buchanan cycle)	2/12	17/283	0.157140815441165	0.31428163088233	0.31428163088233	Clo1313_0641/Clo1313_1944	2
M00026	Histidine biosynthesis, PRPP => histidine	1/12	11/283	0.384572744610144	0.437773071169512	0.437773071169512	Clo1313_0430	1
M00620	Incomplete reductive citrate cycle, acetyl-CoA => oxoglutarate	1/12	12/283	0.411723947053814	0.437773071169512	0.437773071169512	Clo1313_0641	1
M00001	Glycolysis (Embden-Meyerhof pathway), glucose => pyruvate	1/12	13/283	0.437773071169512	0.437773071169512	0.437773071169512	Clo1313_0489	1
