ID	Description	GeneRatio	BgRatio	pvalue	p.adjust	qvalue	geneID	Count
ctx01501	beta-Lactam resistance	1/2	13/924	0.0279556124626551	0.148039753673557	0.116873489742282	Clo1313_0513	1
ctx00260	Glycine, serine and threonine metabolism	1/2	19/924	0.0407245336822802	0.148039753673557	0.116873489742282	Clo1313_1046	1
ctx00400	Phenylalanine, tyrosine and tryptophan biosynthesis	1/2	26/924	0.0555149076275838	0.148039753673557	0.116873489742282	Clo1313_1046	1
ctx02024	Quorum sensing	1/2	40/924	0.0847509298213523	0.169501859642705	0.133817257612662	Clo1313_0513	1
ctx02010	ABC transporters	1/2	55/924	0.115565185987721	0.184904297580354	0.145977077037122	Clo1313_0513	1
ctx01230	Biosynthesis of amino acids	1/2	111/924	0.225943071013493	0.301257428017991	0.237834811593151	Clo1313_1046	1
ctx01110	Biosynthesis of secondary metabolites	1/2	220/924	0.4196976732188	0.479654483678629	0.378674592377865	Clo1313_1046	1
ctx01100	Metabolic pathways	1/2	496/924	0.785711940641518	0.785711940641518	0.620298900506462	Clo1313_1046	1
