ID	Description	GeneRatio	BgRatio	pvalue	p.adjust	qvalue	geneID	Count
ctx00550	Peptidoglycan biosynthesis	2/6	26/924	0.0106606809955434	0.0639640859732607	0.0561088473449655	Clo1313_1780/Clo1313_0214	2
ctx00790	Folate biosynthesis	1/6	10/924	0.0633703496319974	0.151267568770876	0.132690849799014	Clo1313_1031	1
ctx00670	One carbon pool by folate	1/6	12/924	0.0756337843854382	0.151267568770876	0.132690849799014	Clo1313_1031	1
ctx01100	Metabolic pathways	5/6	496/924	0.146973068394645	0.220459602591967	0.193385616308743	Clo1313_1780/Clo1313_0646/Clo1313_1031/Clo1313_0214/Clo1313_0098	5
ctx00230	Purine metabolism	1/6	39/924	0.228535683758891	0.27424282051067	0.240563877640938	Clo1313_0098	1
ctx03010	Ribosome	1/6	67/924	0.364230578742081	0.364230578742081	0.319500507668492	Clo1313_0455	1
