ID	Description	GeneRatio	BgRatio	pvalue	p.adjust	qvalue	geneID	Count
ctx00561	Glycerolipid metabolism	1/6	10/924	0.0633703496319974	0.280249293581036	0.280249293581036	Clo1313_2059	1
ctx01501	beta-Lactam resistance	1/6	13/924	0.0817151410671132	0.280249293581036	0.280249293581036	Clo1313_2433	1
ctx00550	Peptidoglycan biosynthesis	1/6	26/924	0.1577883585596	0.280249293581036	0.280249293581036	Clo1313_2433	1
ctx02020	Two-component system	2/6	113/924	0.160142453474878	0.280249293581036	0.280249293581036	Clo1313_1741/Clo1313_2994	2
ctx00520	Amino sugar and nucleotide sugar metabolism	1/6	44/924	0.254392524789961	0.33187410101026	0.33187410101026	Clo1313_2901	1
ctx02030	Bacterial chemotaxis	1/6	50/924	0.284463515151651	0.33187410101026	0.33187410101026	Clo1313_1741	1
ctx01100	Metabolic pathways	3/6	496/924	0.723108452907687	0.723108452907687	0.723108452907687	Clo1313_2901/Clo1313_2059/Clo1313_2433	3
