ID	Description	GeneRatio	BgRatio	pvalue	p.adjust	qvalue	geneID	Count
M00009	Citrate cycle (TCA cycle, Krebs cycle)	1/4	10/317	0.120883000256847	0.132337293413109	0.132337293413109	Clo1313_0578	1
M00026	Histidine biosynthesis, PRPP => histidine	1/4	11/317	0.132337293413109	0.132337293413109	0.132337293413109	Clo1313_1499	1
