ID	Description	GeneRatio	BgRatio	pvalue	p.adjust	qvalue	geneID	Count
M00022	Shikimate pathway, phosphoenolpyruvate + erythrose-4P => chorismate	1/3	10/317	0.0919646778968745	0.100837987233387	0.100837987233387	Clo1313_1340	1
M00048	Inosine monophosphate biosynthesis, PRPP + glutamine => IMP	1/3	11/317	0.100837987233387	0.100837987233387	0.100837987233387	Clo1313_1481	1
