ID	Description	GeneRatio	BgRatio	pvalue	p.adjust	qvalue	geneID	Count
M00009	Citrate cycle (TCA cycle, Krebs cycle)	1/5	10/317	0.148969805360462	0.254164420396283	0.254164420396283	Clo1313_0640	1
M00026	Histidine biosynthesis, PRPP => histidine	1/5	11/317	0.162830231983256	0.254164420396283	0.254164420396283	Clo1313_0429	1
M00374	Dicarboxylate-hydroxybutyrate cycle	1/5	11/317	0.162830231983256	0.254164420396283	0.254164420396283	Clo1313_0640	1
M00620	Incomplete reductive citrate cycle, acetyl-CoA => oxoglutarate	1/5	14/317	0.203331536317027	0.254164420396283	0.254164420396283	Clo1313_0640	1
M00173	Reductive citrate cycle (Arnon-Buchanan cycle)	1/5	19/317	0.267339316807723	0.267339316807723	0.267339316807723	Clo1313_0640	1
