ID	Description	GeneRatio	BgRatio	pvalue	p.adjust	qvalue	geneID	Count
M00003	Gluconeogenesis, oxaloacetate => fructose-6P	1/9	10/317	0.253421129503111	0.337586903918377	0.337586903918377	Clo1313_2094	1
M00001	Glycolysis (Embden-Meyerhof pathway), glucose => pyruvate	1/9	14/317	0.337586903918377	0.337586903918377	0.337586903918377	Clo1313_2094	1
