ID	Description	GeneRatio	BgRatio	pvalue	p.adjust	qvalue	geneID	Count
M00001	Glycolysis (Embden-Meyerhof pathway), glucose => pyruvate	6/47	14/317	0.00919642966208166	0.0459821483104083	0.0290413568276263	Clo1313_0966/Clo1313_2015/Clo1313_1875/Clo1313_2093/Clo1313_0997/Clo1313_2095	6
M00003	Gluconeogenesis, oxaloacetate => fructose-6P	4/47	10/317	0.0453563945955547	0.113390986488887	0.071615359887718	Clo1313_0966/Clo1313_1875/Clo1313_2093/Clo1313_2095	4
M00026	Histidine biosynthesis, PRPP => histidine	3/47	11/317	0.213396354039396	0.35566059006566	0.224627741094101	Clo1313_0421/Clo1313_0423/Clo1313_0427	3
M00022	Shikimate pathway, phosphoenolpyruvate + erythrose-4P => chorismate	1/47	10/317	0.80408200524115	0.834075965350811	0.526784820221565	Clo1313_2470	1
M00048	Inosine monophosphate biosynthesis, PRPP + glutamine => IMP	1/47	11/317	0.834075965350811	0.834075965350811	0.526784820221565	Clo1313_1011	1
