ID	Description	GeneRatio	BgRatio	pvalue	p.adjust	qvalue	geneID	Count
M00001	Glycolysis (Embden-Meyerhof pathway), glucose => pyruvate	2/9	14/317	0.0546579205072432	0.109315841014486	0.109315841014486	Clo1313_0489/Clo1313_2745	2
M00003	Gluconeogenesis, oxaloacetate => fructose-6P	1/9	10/317	0.253421129503111	0.253421129503111	0.253421129503111	Clo1313_2745	1
