ID	Description	GeneRatio	BgRatio	pvalue	p.adjust	qvalue	geneID	Count
M00022	Shikimate pathway, phosphoenolpyruvate + erythrose-4P => chorismate	1/4	10/317	0.120883000256847	0.132337293413109	0.132337293413109	Clo1313_1492	1
M00048	Inosine monophosphate biosynthesis, PRPP + glutamine => IMP	1/4	11/317	0.132337293413109	0.132337293413109	0.132337293413109	Clo1313_0426	1
