ID	Description	GeneRatio	BgRatio	pvalue	p.adjust	qvalue	geneID	Count
ctx03410	Base excision repair	2/10	10/924	0.00453335603751489	0.040800204337634	0.0381756297895991	Clo1313_2726/Clo1313_0975	2
ctx02030	Bacterial chemotaxis	2/10	50/924	0.0978213100560132	0.310754290190899	0.290764248131835	Clo1313_1416/Clo1313_0037	2
ctx00900	Terpenoid backbone biosynthesis	1/10	10/924	0.103584763396966	0.310754290190899	0.290764248131835	Clo1313_0034	1
ctx00860	Porphyrin and chlorophyll metabolism	1/10	18/924	0.179385625282599	0.403617656885848	0.377653947963366	Clo1313_1251	1
ctx00550	Peptidoglycan biosynthesis	1/10	26/924	0.24936816108619	0.435497366109968	0.40748291565845	Clo1313_1781	1
ctx02040	Flagellar assembly	1/10	31/924	0.290331577406646	0.435497366109968	0.40748291565845	Clo1313_2915	1
ctx02020	Two-component system	2/10	113/924	0.350838460315647	0.451078020405832	0.422061305642883	Clo1313_1416/Clo1313_2538	2
ctx01110	Biosynthesis of secondary metabolites	1/10	220/924	0.935085094664402	0.967523151246202	0.905284819879488	Clo1313_0034	1
ctx01100	Metabolic pathways	3/10	496/924	0.967523151246202	0.967523151246202	0.905284819879488	Clo1313_0034/Clo1313_1781/Clo1313_1251	3
