ID	Description	GeneRatio	BgRatio	pvalue	p.adjust	qvalue	geneID	Count
M00048	Inosine monophosphate biosynthesis, PRPP + glutamine => IMP	2/19	11/317	0.135481425887235	0.586944539365466	0.586944539365466	Clo1313_1683/Clo1313_1010	2
M00173	Reductive citrate cycle (Arnon-Buchanan cycle)	2/19	19/317	0.317475742526677	0.586944539365466	0.586944539365466	Clo1313_0022/Clo1313_0673	2
M00026	Histidine biosynthesis, PRPP => histidine	1/19	11/317	0.499031490252563	0.586944539365466	0.586944539365466	Clo1313_0430	1
M00374	Dicarboxylate-hydroxybutyrate cycle	1/19	11/317	0.499031490252563	0.586944539365466	0.586944539365466	Clo1313_0022	1
M00620	Incomplete reductive citrate cycle, acetyl-CoA => oxoglutarate	1/19	14/317	0.586944539365466	0.586944539365466	0.586944539365466	Clo1313_0022	1
