ID	Description	GeneRatio	BgRatio	pvalue	p.adjust	qvalue	geneID	Count
M00001	Glycolysis (Embden-Meyerhof pathway), glucose => pyruvate	4/54	14/317	0.200921038774572	0.974369160944307	0.974369160944307	Clo1313_1876/Clo1313_2745/Clo1313_0489/Clo1313_1831	4
M00026	Histidine biosynthesis, PRPP => histidine	3/54	11/317	0.283476006133214	0.974369160944307	0.974369160944307	Clo1313_0422/Clo1313_1499/Clo1313_0427	3
M00022	Shikimate pathway, phosphoenolpyruvate + erythrose-4P => chorismate	2/54	10/317	0.531178651618101	0.974369160944307	0.974369160944307	Clo1313_0636/Clo1313_1491	2
M00003	Gluconeogenesis, oxaloacetate => fructose-6P	1/54	10/317	0.85002440492569	0.974369160944307	0.974369160944307	Clo1313_2745	1
M00048	Inosine monophosphate biosynthesis, PRPP + glutamine => IMP	1/54	11/317	0.876404477023451	0.974369160944307	0.974369160944307	Clo1313_1013	1
M00374	Dicarboxylate-hydroxybutyrate cycle	1/54	11/317	0.876404477023451	0.974369160944307	0.974369160944307	Clo1313_0020	1
M00620	Incomplete reductive citrate cycle, acetyl-CoA => oxoglutarate	1/54	14/317	0.931115396808292	0.974369160944307	0.974369160944307	Clo1313_0020	1
M00173	Reductive citrate cycle (Arnon-Buchanan cycle)	1/54	19/317	0.974369160944307	0.974369160944307	0.974369160944307	Clo1313_0020	1
