ID	Description	GeneRatio	BgRatio	pvalue	p.adjust	qvalue	geneID	Count
M00009	Citrate cycle (TCA cycle, Krebs cycle)	4/81	10/317	0.234456296438639	0.985489930664644	0.985489930664644	Clo1313_0641/Clo1313_0709/Clo1313_0578/Clo1313_0708	4
M00022	Shikimate pathway, phosphoenolpyruvate + erythrose-4P => chorismate	3/81	10/317	0.492353142293791	0.985489930664644	0.985489930664644	Clo1313_0068/Clo1313_1491/Clo1313_1435	3
M00173	Reductive citrate cycle (Arnon-Buchanan cycle)	5/81	19/317	0.56064519759588	0.985489930664644	0.985489930664644	Clo1313_0673/Clo1313_0641/Clo1313_0709/Clo1313_0949/Clo1313_1005	5
M00001	Glycolysis (Embden-Meyerhof pathway), glucose => pyruvate	3/81	14/317	0.740412907563217	0.985489930664644	0.985489930664644	Clo1313_2092/Clo1313_1875/Clo1313_1831	3
M00003	Gluconeogenesis, oxaloacetate => fructose-6P	2/81	10/317	0.772693542772415	0.985489930664644	0.985489930664644	Clo1313_2092/Clo1313_1875	2
M00048	Inosine monophosphate biosynthesis, PRPP + glutamine => IMP	2/81	11/317	0.81896036239538	0.985489930664644	0.985489930664644	Clo1313_1013/Clo1313_1683	2
M00374	Dicarboxylate-hydroxybutyrate cycle	2/81	11/317	0.81896036239538	0.985489930664644	0.985489930664644	Clo1313_0641/Clo1313_1005	2
M00026	Histidine biosynthesis, PRPP => histidine	1/81	11/317	0.963370673143559	0.985489930664644	0.985489930664644	Clo1313_1619	1
M00620	Incomplete reductive citrate cycle, acetyl-CoA => oxoglutarate	1/81	14/317	0.985489930664644	0.985489930664644	0.985489930664644	Clo1313_0641	1
