ID	Description	setSize	enrichmentScore	NES	pvalue	p.adjust	qvalues	rank	leading_edge	core_enrichment
ctx02030	Bacterial chemotaxis	45	-0.715086297174338	-2.31843263472894	0.00177935943060498	0.0216216216216216	0.0182889656573867	234	tags=51%, list=12%, signal=46%	Clo1313_0406/Clo1313_1410/Clo1313_1728/Clo1313_1416/Clo1313_0405/Clo1313_2195/Clo1313_1754/Clo1313_1929/Clo1313_0407/Clo1313_1412/Clo1313_1413/Clo1313_1411/Clo1313_1414/Clo1313_1742/Clo1313_1731/Clo1313_1440/Clo1313_0409/Clo1313_2955/Clo1313_0057/Clo1313_1727/Clo1313_1743/Clo1313_2193/Clo1313_0056
ctx03010	Ribosome	53	-0.620207896748711	-2.07195254604622	0.0017825311942959	0.0216216216216216	0.0182889656573867	615	tags=64%, list=32%, signal=45%	Clo1313_2074/Clo1313_1804/Clo1313_0455/Clo1313_0472/Clo1313_0446/Clo1313_2455/Clo1313_0460/Clo1313_1457/Clo1313_0311/Clo1313_0979/Clo1313_1209/Clo1313_0445/Clo1313_2851/Clo1313_0453/Clo1313_0309/Clo1313_0464/Clo1313_0447/Clo1313_0905/Clo1313_0448/Clo1313_2072/Clo1313_2831/Clo1313_0316/Clo1313_0463/Clo1313_2456/Clo1313_2849/Clo1313_0452/Clo1313_1034/Clo1313_1174/Clo1313_1033/Clo1313_0468/Clo1313_0470/Clo1313_0306/Clo1313_0458/Clo1313_1188
ctx02040	Flagellar assembly	27	-0.803253994484218	-2.31733562762483	0.00183150183150183	0.0216216216216216	0.0182889656573867	272	tags=74%, list=14%, signal=65%	Clo1313_1755/Clo1313_2915/Clo1313_1735/Clo1313_2916/Clo1313_2910/Clo1313_2909/Clo1313_1754/Clo1313_1746/Clo1313_1742/Clo1313_1749/Clo1313_2890/Clo1313_2891/Clo1313_0057/Clo1313_1753/Clo1313_0208/Clo1313_0207/Clo1313_1743/Clo1313_2917/Clo1313_1758/Clo1313_0056
ctx00620	Pyruvate metabolism	29	-0.627721253366665	-1.83692071977028	0.00184162062615101	0.0216216216216216	0.0182889656573867	17	tags=14%, list=1%, signal=14%	Clo1313_1185/Clo1313_1160/Clo1313_1717/Clo1313_1186
ctx00640	Propanoate metabolism	14	-0.844806731476208	-2.09542273353088	0.00193050193050193	0.0216216216216216	0.0182889656573867	70	tags=36%, list=4%, signal=35%	Clo1313_2898/Clo1313_1185/Clo1313_1160/Clo1313_1717/Clo1313_1186
