ID	Description	GeneRatio	BgRatio	pvalue	p.adjust	qvalue	geneID	Count
M00022	Shikimate pathway, phosphoenolpyruvate + erythrose-4P => chorismate	1/6	10/317	0.176246414163011	0.192345832778717	0.192345832778717	Clo1313_2468	1
M00048	Inosine monophosphate biosynthesis, PRPP + glutamine => IMP	1/6	11/317	0.192345832778717	0.192345832778717	0.192345832778717	Clo1313_1009	1
