ID	Description	GeneRatio	BgRatio	pvalue	p.adjust	qvalue	geneID	Count
M00374	Dicarboxylate-hydroxybutyrate cycle	1/3	11/317	0.100837987233387	0.169752596961797	0.169752596961797	Clo1313_1005	1
M00173	Reductive citrate cycle (Arnon-Buchanan cycle)	1/3	19/317	0.169752596961797	0.169752596961797	0.169752596961797	Clo1313_1005	1
