ID	Description	GeneRatio	BgRatio	pvalue	p.adjust	qvalue	geneID	Count
M00003	Gluconeogenesis, oxaloacetate => fructose-6P	3/27	10/317	0.0442469108055454	0.258285368720003	0.241670520439769	Clo1313_0415/Clo1313_2090/Clo1313_2092	3
M00048	Inosine monophosphate biosynthesis, PRPP + glutamine => IMP	3/27	11/317	0.0573967486044451	0.258285368720003	0.241670520439769	Clo1313_1013/Clo1313_1012/Clo1313_1008	3
M00009	Citrate cycle (TCA cycle, Krebs cycle)	2/27	10/317	0.205726918976035	0.478496897774163	0.447716395578164	Clo1313_0709/Clo1313_1944	2
M00173	Reductive citrate cycle (Arnon-Buchanan cycle)	3/27	19/317	0.212665287899628	0.478496897774163	0.447716395578164	Clo1313_0023/Clo1313_0709/Clo1313_1944	3
M00001	Glycolysis (Embden-Meyerhof pathway), glucose => pyruvate	2/27	14/317	0.338485039170675	0.609273070507215	0.570080065971663	Clo1313_2090/Clo1313_2092	2
M00022	Shikimate pathway, phosphoenolpyruvate + erythrose-4P => chorismate	1/27	10/317	0.594935143797216	0.709379707804961	0.663747095022185	Clo1313_0068	1
M00026	Histidine biosynthesis, PRPP => histidine	1/27	11/317	0.630559740271076	0.709379707804961	0.663747095022185	Clo1313_0424	1
M00374	Dicarboxylate-hydroxybutyrate cycle	1/27	11/317	0.630559740271076	0.709379707804961	0.663747095022185	Clo1313_0023	1
M00620	Incomplete reductive citrate cycle, acetyl-CoA => oxoglutarate	1/27	14/317	0.720244818092026	0.720244818092026	0.673913280086106	Clo1313_0023	1
