ID	Description	GeneRatio	BgRatio	pvalue	p.adjust	qvalue	geneID	Count
M00026	Histidine biosynthesis, PRPP => histidine	2/20	11/317	0.147681092476676	0.34458921577891	0.34458921577891	Clo1313_0430/Clo1313_0423	2
M00048	Inosine monophosphate biosynthesis, PRPP + glutamine => IMP	2/20	11/317	0.147681092476676	0.34458921577891	0.34458921577891	Clo1313_1011/Clo1313_1008	2
M00374	Dicarboxylate-hydroxybutyrate cycle	2/20	11/317	0.147681092476676	0.34458921577891	0.34458921577891	Clo1313_0023/Clo1313_0022	2
M00620	Incomplete reductive citrate cycle, acetyl-CoA => oxoglutarate	2/20	14/317	0.218244027523902	0.381927048166829	0.381927048166829	Clo1313_0023/Clo1313_0022	2
M00173	Reductive citrate cycle (Arnon-Buchanan cycle)	2/20	19/317	0.340693672905288	0.476971142067403	0.476971142067403	Clo1313_0023/Clo1313_0022	2
M00003	Gluconeogenesis, oxaloacetate => fructose-6P	1/20	10/317	0.483901568817238	0.564551830286777	0.564551830286777	Clo1313_0966	1
M00001	Glycolysis (Embden-Meyerhof pathway), glucose => pyruvate	1/20	14/317	0.606349829462391	0.606349829462391	0.606349829462391	Clo1313_0966	1
