ID	Description	GeneRatio	BgRatio	pvalue	p.adjust	qvalue	geneID	Count
M00022	Shikimate pathway, phosphoenolpyruvate + erythrose-4P => chorismate	2/34	10/317	0.291855227856423	0.668012510307069	0.668012510307069	Clo1313_1435/Clo1313_0068	2
M00026	Histidine biosynthesis, PRPP => histidine	2/34	11/317	0.334006255153534	0.668012510307069	0.668012510307069	Clo1313_1499/Clo1313_0421	2
M00048	Inosine monophosphate biosynthesis, PRPP + glutamine => IMP	2/34	11/317	0.334006255153534	0.668012510307069	0.668012510307069	Clo1313_1009/Clo1313_1481	2
M00003	Gluconeogenesis, oxaloacetate => fructose-6P	1/34	10/317	0.683987512105309	0.820785014526371	0.820785014526371	Clo1313_0415	1
M00009	Citrate cycle (TCA cycle, Krebs cycle)	1/34	10/317	0.683987512105309	0.820785014526371	0.820785014526371	Clo1313_0709	1
M00173	Reductive citrate cycle (Arnon-Buchanan cycle)	1/34	19/317	0.891743754229529	0.891743754229529	0.891743754229529	Clo1313_0709	1
