ID	Description	GeneRatio	BgRatio	pvalue	p.adjust	qvalue	geneID	Count
M00009	Citrate cycle (TCA cycle, Krebs cycle)	4/26	10/317	0.00537343346210727	0.0429874676968582	0.0395937202471062	Clo1313_0640/Clo1313_1944/Clo1313_1353/Clo1313_1354	4
M00173	Reductive citrate cycle (Arnon-Buchanan cycle)	4/26	19/317	0.0589520509455552	0.235808203782221	0.217191766641519	Clo1313_0640/Clo1313_1944/Clo1313_1353/Clo1313_1354	4
M00620	Incomplete reductive citrate cycle, acetyl-CoA => oxoglutarate	3/26	14/317	0.0971656383657897	0.259108368975439	0.238652445108957	Clo1313_0640/Clo1313_1353/Clo1313_1354	3
M00003	Gluconeogenesis, oxaloacetate => fructose-6P	2/26	10/317	0.193765436889332	0.310024699022931	0.285549064889542	Clo1313_2745/Clo1313_2094	2
M00022	Shikimate pathway, phosphoenolpyruvate + erythrose-4P => chorismate	2/26	10/317	0.193765436889332	0.310024699022931	0.285549064889542	Clo1313_1371/Clo1313_0636	2
M00001	Glycolysis (Embden-Meyerhof pathway), glucose => pyruvate	2/26	14/317	0.32129415117768	0.42839220157024	0.394571764604169	Clo1313_2745/Clo1313_2094	2
M00026	Histidine biosynthesis, PRPP => histidine	1/26	11/317	0.616046015781726	0.616046015781726	0.567410804009484	Clo1313_0429	1
M00374	Dicarboxylate-hydroxybutyrate cycle	1/26	11/317	0.616046015781726	0.616046015781726	0.567410804009484	Clo1313_0640	1
