ID	Description	GeneRatio	BgRatio	pvalue	p.adjust	qvalue	geneID	Count
M00026	Histidine biosynthesis, PRPP => histidine	2/11	11/317	0.0508016046128981	0.203206418451592	0.203206418451592	Clo1313_1619/Clo1313_0427	2
M00009	Citrate cycle (TCA cycle, Krebs cycle)	1/11	10/317	0.301189670542349	0.499031490252563	0.499031490252563	Clo1313_1355	1
M00620	Incomplete reductive citrate cycle, acetyl-CoA => oxoglutarate	1/11	14/317	0.39653127329135	0.499031490252563	0.499031490252563	Clo1313_1355	1
M00173	Reductive citrate cycle (Arnon-Buchanan cycle)	1/11	19/317	0.499031490252563	0.499031490252563	0.499031490252563	Clo1313_1355	1
