ID	Description	GeneRatio	BgRatio	pvalue	p.adjust	qvalue	geneID	Count
M00048	Inosine monophosphate biosynthesis, PRPP + glutamine => IMP	2/23	11/317	0.185687572689	0.371375145378001	0.371375145378001	Clo1313_1683/Clo1313_0426	2
M00009	Citrate cycle (TCA cycle, Krebs cycle)	1/23	10/317	0.534461982896691	0.534461982896691	0.534461982896691	Clo1313_0578	1
