ID	Description	GeneRatio	BgRatio	pvalue	p.adjust	qvalue	geneID	Count
M00003	Gluconeogenesis, oxaloacetate => fructose-6P	1/4	10/317	0.120883000256847	0.166029334004112	0.166029334004112	Clo1313_2095	1
M00001	Glycolysis (Embden-Meyerhof pathway), glucose => pyruvate	1/4	14/317	0.166029334004112	0.166029334004112	0.166029334004112	Clo1313_2095	1
