ID	Description	GeneRatio	BgRatio	pvalue	p.adjust	qvalue	geneID	Count
M00003	Gluconeogenesis, oxaloacetate => fructose-6P	1/6	10/317	0.176246414163011	0.239079480200237	0.239079480200237	Clo1313_0966	1
M00001	Glycolysis (Embden-Meyerhof pathway), glucose => pyruvate	1/6	14/317	0.239079480200237	0.239079480200237	0.239079480200237	Clo1313_0966	1
