ID	Description	GeneRatio	BgRatio	pvalue	p.adjust	qvalue	geneID	Count
ctx02010	ABC transporters	2/5	55/924	0.0309876958029965	0.106132786164589	0.083789041708886	Clo1313_1472/Clo1313_1826	2
ctx00561	Glycerolipid metabolism	1/5	10/924	0.0530663930822944	0.106132786164589	0.083789041708886	Clo1313_3001	1
ctx00270	Cysteine and methionine metabolism	1/5	29/924	0.147680311787452	0.19690708238327	0.155452959776266	Clo1313_1057	1
ctx01100	Metabolic pathways	3/5	496/924	0.568893137920218	0.568893137920218	0.449126161515962	Clo1313_1057/Clo1313_0288/Clo1313_3001	3
