ID	Description	GeneRatio	BgRatio	pvalue	p.adjust	qvalue	geneID	Count
ctx03010	Ribosome	3/5	67/924	0.00328476169724078	0.0131390467889631	0.0103729316754972	Clo1313_1174/Clo1313_0454/Clo1313_0472	3
ctx02040	Flagellar assembly	1/5	31/924	0.157182132265195	0.289198827096341	0.228314863497111	Clo1313_1735	1
ctx00520	Amino sugar and nucleotide sugar metabolism	1/5	44/924	0.216899120322256	0.289198827096341	0.228314863497111	Clo1313_0901	1
ctx01100	Metabolic pathways	1/5	496/924	0.978943606942382	0.978943606942382	0.772850216007144	Clo1313_0901	1
